feature,importance
temperature,0.06788253784179688
home_ml,0.05648517608642578
venue_Coors Field,0.045063018798828125
away_ml,0.041126251220703125
away_bullpen_strikeouts_roll5d,0.03902244567871094
venue_Globe Life Park in Arlington,0.03349637985229492
home_SP_api_break_z_with_gravity_max_roll5,0.032097816467285156
home_SP_hit_distance_sc_lambda_roll5,0.03136253356933594
away_SP_release_point_consistency_roll5,0.027439594268798828
away_bullpen_strike_rate_roll5d,0.026877880096435547
home_bullpen_high_velo_mean_roll5d,0.025830745697021484
diff_bullpen_field_outs_roll5d,0.025814056396484375
diff_SP_api_break_x_batter_in_min_roll5,0.025707244873046875
diff_SP_release_speed_max_roll5,0.02568531036376953
diff_SP_pct_0_strikes_roll5,0.025448322296142578
diff_SP_launch_angle_std_roll5,0.025438785552978516
home_SP_pct_2_strikes_roll5,0.025423049926757812
away_SP_plate_x_mean_roll5,0.025249481201171875
diff_SP_estimated_ba_using_speedangle_max_roll5,0.025199413299560547
away_bullpen_walks_roll5d,0.024530887603759766
venue_Progressive Field,0.02421712875366211
diff_SP_pct_0_balls_roll5,0.024042129516601562
away_bullpen_max_pitches_reliever_roll5d,0.02385568618774414
away_home_avg_runs,0.023666858673095703
diff_SP_k_rate_roll5,0.023476600646972656
home_batting_ops_roll10,0.0234527587890625
home_SP_launch_angle_lambda_roll5,0.023052692413330078
home_batting_triples_roll10,0.02294158935546875
wind_speed,0.022906780242919922
away_SP_home_score_diff_mean_roll5,0.022532939910888672
diff_SP_arm_angle_mean_roll5,0.022500038146972656
home_bullpen_spin_consistency_roll5d,0.022329330444335938
venue_Minute Maid Park,0.022141456604003906
home_win_streak,0.022094249725341797
diff_fielding_errors_roll10,0.021985530853271484
away_SP_velo_percentile_roll5,0.02176523208618164
home_SP_late_game_velo_drop_roll5,0.02160930633544922
diff_night_era,0.0214996337890625
venue_Daikin Park,0.021032333374023438
away_SP_home_win_exp_std_roll5,0.020871639251708984
home_bullpen_release_pos_x_std_roll5d,0.02086162567138672
venue_Tropicana Field,0.020813465118408203
home_batting_homeRuns_roll10,0.02080535888671875
home_SP_pitcher_days_until_next_game_first_roll5,0.02079486846923828
away_bullpen_early_usage_rate_roll5d,0.02079153060913086
diff_SP_command_score_roll5,0.020787715911865234
home_home_avg_runs,0.020560741424560547
away_SP_home_win_exp_mean_roll5,0.020526885986328125
home_SP_out_of_zone_rate_roll5,0.02043294906616211
home_SP_release_pos_z_std_roll5,0.02038288116455078
home_bullpen_woba_value_mean_roll5d,0.020374298095703125
diff_batting_obp_roll10,0.02036285400390625
diff_SP_launch_speed_max_roll5,0.0200653076171875
home_SP_release_extension_std_roll5,0.020064353942871094
home_SP_ax_mean_roll5,0.019931316375732422
diff_SP_effective_speed_max_roll5,0.019824504852294922
diff_bullpen_launch_speed_max_roll5d,0.01979970932006836
home_bullpen_avg_batters_per_reliever_roll5d,0.019773006439208984
venue_Citizens Bank Park,0.019746780395507812
home_bullpen_api_break_x_arm_mean_roll5d,0.019728660583496094
away_day_ops,0.019652366638183594
diff_SP_home_runs_roll5,0.01960897445678711
game_time_01:38,0.019208908081054688
diff_SP_plate_z_mean_roll5,0.019199848175048828
home_SP_release_point_consistency_roll5,0.019044876098632812
diff_SP_launch_speed_mean_roll5,0.018991470336914062
home_bullpen_hits_roll5d,0.018892765045166016
diff_bullpen_bb_rate_roll5d,0.018856048583984375
home_SP_hit_distance_sc_mean_roll5,0.018842697143554688
venue_Chase Field,0.018797874450683594
diff_SP_release_spin_rate_mean_roll5,0.018733501434326172
diff_SP_launch_speed_std_roll5,0.01872539520263672
home_batting_doubles_roll10,0.018713951110839844
diff_last_20_wins,0.018711090087890625
home_pitching_hits_roll10,0.01865386962890625
home_night_avg_runs,0.01855325698852539
venue_Yankee Stadium,0.018323421478271484
away_SP_home_score_diff_min_roll5,0.018322467803955078
diff_SP_late_game_velo_drop_roll5,0.018312454223632812
venue_Dodger Stadium,0.018262863159179688
diff_SP_release_pos_x_mean_roll5,0.018203258514404297
away_SP_pfx_x_std_roll5,0.018172264099121094
game_time_20:05,0.018163204193115234
game_time_01:45,0.018158435821533203
home_SP_blocked_ball_rate_roll5,0.018125534057617188
away_SP_attack_angle_mean_roll5,0.01803731918334961
away_SP_api_break_z_with_gravity_max_roll5,0.01802682876586914
home_SP_pitch_number_max_roll5,0.018007278442382812
home_day_era,0.018005847930908203
diff_bullpen_high_velo_mean_roll5d,0.01800537109375
diff_SP_estimated_slg_using_speedangle_mean_roll5,0.01799917221069336
diff_pitching_whip_roll10,0.017915725708007812
diff_SP_pfx_z_std_roll5,0.017915725708007812
away_SP_pfx_x_min_roll5,0.01789236068725586
diff_day_ops,0.017795085906982422
diff_bullpen_release_speed_std_roll5d,0.017774581909179688
venue_Guaranteed Rate Field,0.01767444610595703
game_time_02:05,0.017628192901611328
diff_bullpen_high_leverage_pct_roll5d,0.01762533187866211
away_bullpen_home_runs_roll5d,0.017425060272216797
game_time_01:40,0.017340660095214844
away_bullpen_avg_batters_per_reliever_roll5d,0.017302989959716797
away_batting_strikeOuts_roll10,0.017267227172851562
home_bullpen_whip_roll5d,0.01723766326904297
diff_SP_high_lev_zone_rate_roll5,0.01710224151611328
home_bullpen_mid_inning_entry_rate_roll5d,0.01704120635986328
wind_dir_Out To CF,0.016989707946777344
venue_Kauffman Stadium,0.016976356506347656
away_SP_velocity_band_usage_roll5,0.016952991485595703
home_loss_streak,0.0169525146484375
away_SP_api_break_z_with_gravity_min_roll5,0.016916275024414062
diff_bullpen_k_rate_roll5d,0.016916275024414062
conditions_Overcast,0.016899585723876953
diff_SP_at_bat_number_nunique_roll5,0.01679706573486328
diff_bullpen_at_bat_number_nunique_roll5d,0.016709327697753906
diff_bullpen_woba_value_mean_roll5d,0.016613006591796875
away_SP_k_bb_ratio_roll5,0.016589641571044922
diff_SP_spin_axis_std_roll5,0.016515731811523438
away_day_avg_runs,0.016353130340576172
home_bullpen_command_score_roll5d,0.01631450653076172
away_SP_launch_angle_std_roll5,0.01631021499633789
away_batting_triples_roll10,0.01625967025756836
diff_bullpen_launch_speed_mean_roll5d,0.016239643096923828
venue_Marlins Park,0.016210079193115234
venue_loanDepot park,0.016204357147216797
diff_SP_release_spin_rate_std_roll5,0.016180992126464844
diff_bullpen_launch_angle_mean_roll5d,0.015988826751708984
away_SP_release_consistency_score_roll5,0.015963077545166016
home_SP_field_outs_roll5,0.01596212387084961
game_time_17:05,0.01589488983154297
home_pitching_strikeOuts_roll10,0.015849590301513672
diff_bullpen_role_specialization_roll5d,0.015816688537597656
diff_pitching_strikeOuts_roll10,0.01575946807861328
away_bullpen_k_bb_ratio_roll5d,0.015674591064453125
diff_SP_pct_2_strikes_roll5,0.015637874603271484
home_SP_delta_run_exp_mean_roll5,0.01563262939453125
home_SP_home_score_diff_min_roll5,0.015607833862304688
home_bullpen_avg_leverage_index_roll5d,0.015556812286376953
diff_SP_api_break_x_batter_in_max_roll5,0.015520095825195312
venue_Globe Life Field,0.015515804290771484
game_time_23:20,0.015499591827392578
diff_bullpen_k_bb_ratio_roll5d,0.015480995178222656
away_bullpen_effective_speed_mean_roll5d,0.015450000762939453
wind_dir_Varies,0.015445232391357422
diff_SP_hit_distance_sc_mean_roll5,0.015442848205566406
home_pitching_whip_roll10,0.0153961181640625
home_bullpen_on_2b_presence_rate_roll5d,0.01531982421875
venue_Rogers Centre,0.015282154083251953
diff_SP_api_break_z_with_gravity_min_roll5,0.015273571014404297
diff_SP_zone_edge_rate_roll5,0.015245914459228516
venue_Truist Park,0.01519012451171875
home_bullpen_launch_angle_std_roll5d,0.015182018280029297
home_last_5_wins,0.015156745910644531
away_SP_called_strike_rate_roll5,0.015154361724853516
away_SP_on_1b_lambda_roll5,0.01514577865600586
home_SP_estimated_slg_using_speedangle_mean_roll5,0.015145301818847656
game_time_19:40,0.015116214752197266
away_SP_pct_2_strikes_roll5,0.015100955963134766
home_bullpen_k_bb_ratio_roll5d,0.015003681182861328
wind_dir_Out To RF,0.01499319076538086
away_SP_high_lev_zone_rate_roll5,0.014966964721679688
away_SP_description_whiff_rate_roll5,0.014963150024414062
game_time_22:40,0.014962196350097656
diff_bullpen_release_extension_mean_roll5d,0.014933586120605469
diff_bullpen_plate_z_std_roll5d,0.014918804168701172
diff_bullpen_bullpen_depth_score_roll5d,0.014908790588378906
venue_Comerica Park,0.014876365661621094
home_batting_avg_roll10,0.014859676361083984
diff_bullpen_estimated_woba_using_speedangle_max_roll5d,0.014838695526123047
game_time_02:15,0.01477813720703125
game_time_00:15,0.014744758605957031
diff_SP_blocked_ball_rate_roll5,0.014740943908691406
diff_SP_launch_angle_lambda_roll5,0.0147247314453125
away_SP_on_2b_lambda_roll5,0.014693737030029297
game_time_02:10,0.014658451080322266
away_bullpen_avg_rest_days_roll5d,0.014656543731689453
home_bullpen_called_strike_rate_roll5d,0.01461648941040039
away_SP_release_pos_z_mean_roll5,0.014582633972167969
venue_Oakland Coliseum,0.014533519744873047
home_bullpen_home_runs_roll5d,0.014515876770019531
home_SP_walks_roll5,0.01444101333618164
home_bullpen_arm_angle_std_roll5d,0.014439105987548828
away_SP_launch_angle_lambda_roll5,0.014324188232421875
diff_SP_pitch_types_count_roll5,0.014322280883789062
diff_SP_home_win_exp_mean_roll5,0.014232158660888672
away_SP_pitcher_days_since_prev_game_first_roll5,0.014220714569091797
away_SP_pitch_type_pitch_sequence_entropy_roll5,0.014168262481689453
diff_bullpen_effective_speed_mean_roll5d,0.014143943786621094
away_SP_api_break_x_batter_in_std_roll5,0.014019012451171875
venue_Miller Park,0.014018058776855469
home_SP_hits_roll5,0.014003276824951172
diff_SP_pct_3_balls_roll5,0.01399087905883789
home_SP_woba_denom_sum_roll5,0.01395559310913086
conditions_Cloudy,0.013898372650146484
diff_SP_release_pos_z_mean_roll5,0.013845443725585938
diff_day_era,0.013839244842529297
away_SP_hits_roll5,0.01383829116821289
conditions_Sunny,0.013834953308105469
away_batting_hits_roll10,0.013815879821777344
diff_bullpen_balls_in_play_roll5d,0.013730049133300781
conditions_Partly Cloudy,0.013690948486328125
home_SP_release_pos_x_mean_roll5,0.013675689697265625
diff_SP_plate_z_std_roll5,0.013669967651367188
diff_SP_delta_home_win_exp_std_roll5,0.013658523559570312
away_SP_on_3b_lambda_roll5,0.013652801513671875
away_pitching_runs_roll10,0.013623714447021484
away_last_10_wins,0.013609886169433594
diff_bullpen_avg_leverage_index_roll5d,0.013596057891845703
diff_SP_effective_speed_mean_roll5,0.013592243194580078
away_bullpen_estimated_woba_using_speedangle_max_roll5d,0.01352071762084961
away_SP_woba_value_sum_roll5,0.013466835021972656
home_SP_on_3b_lambda_roll5,0.013451099395751953
away_bullpen_pfx_z_mean_roll5d,0.01344156265258789
away_bullpen_hit_distance_sc_mean_roll5d,0.013422966003417969
home_SP_high_lev_zone_rate_roll5,0.013391971588134766
home_bullpen_blowout_win_usage_roll5d,0.013349533081054688
away_bullpen_clean_inning_rate_roll5d,0.013327598571777344
diff_SP_ball_rate_roll5,0.013323307037353516
home_SP_double_plays_roll5,0.013320446014404297
diff_SP_hit_distance_sc_lambda_roll5,0.013315677642822266
home_bullpen_pitches_per_out_roll5d,0.013250350952148438
game_time_23:07,0.013203620910644531
game_time_18:20,0.013184547424316406
away_bullpen_role_specialization_roll5d,0.013079166412353516
away_bullpen_estimated_woba_using_speedangle_mean_roll5d,0.01307821273803711
away_bullpen_ball_rate_roll5d,0.013074874877929688
away_bullpen_high_velo_pitchers_roll5d,0.013036727905273438
diff_bullpen_back_to_back_appearances_roll5d,0.01300954818725586
diff_SP_pfx_x_std_roll5,0.012984275817871094
away_SP_xERA_component_roll5,0.01294851303100586
home_bullpen_swinging_strike_rate_roll5d,0.012940406799316406
away_bullpen_spin_consistency_roll5d,0.012938499450683594
diff_SP_xERA_component_roll5,0.01293802261352539
away_SP_api_break_x_batter_in_mean_roll5,0.012899398803710938
home_SP_hbp_roll5,0.012898921966552734
home_SP_pfx_x_max_roll5,0.012893199920654297
diff_SP_pct_2_outs_roll5,0.012893199920654297
away_bullpen_blowout_win_usage_roll5d,0.012850284576416016
venue_George M. Steinbrenner Field,0.012835025787353516
diff_SP_velocity_band_usage_roll5,0.012801170349121094
home_day_avg_runs,0.012769699096679688
away_pitching_whip_roll10,0.012720108032226562
home_SP_release_pos_x_std_roll5,0.012706756591796875
away_bullpen_release_spin_rate_max_roll5d,0.0126190185546875
away_SP_pct_3_balls_roll5,0.012612342834472656
home_SP_pct_0_strikes_roll5,0.012579917907714844
diff_SP_release_speed_min_roll5,0.012476444244384766
diff_SP_delta_home_win_exp_mean_roll5,0.012473106384277344
diff_SP_hbp_roll5,0.012468338012695312
away_SP_release_speed_std_roll5,0.01245737075805664
away_SP_inning_nunique_roll5,0.012448787689208984
home_SP_plate_x_std_roll5,0.012432098388671875
home_bullpen_avg_pitches_per_reliever_roll5d,0.012412548065185547
away_SP_delta_run_exp_mean_roll5,0.012397289276123047
away_bullpen_avg_leverage_index_roll5d,0.012365341186523438
home_SP_iso_value_mean_roll5,0.012358665466308594
home_SP_api_break_x_batter_in_mean_roll5,0.012340545654296875
home_SP_arm_angle_std_roll5,0.012333393096923828
diff_SP_pitcher_days_until_next_game_first_roll5,0.012294292449951172
venue_Citi Field,0.012230396270751953
home_SP_pfx_z_std_roll5,0.01219320297241211
diff_SP_on_3b_lambda_roll5,0.012187957763671875
diff_SP_estimated_ba_using_speedangle_mean_roll5,0.012187004089355469
diff_SP_two_strike_velo_roll5,0.012181758880615234
away_bullpen_release_spin_rate_mean_roll5d,0.012173652648925781
away_batting_avg_roll10,0.01212453842163086
conditions_Clear,0.012119293212890625
home_bullpen_multi_inning_appearances_roll5d,0.012105941772460938
game_time_18:10,0.012097358703613281
game_time_19:45,0.01209402084350586
diff_SP_strike_rate_roll5,0.012092113494873047
away_bullpen_at_bat_number_nunique_roll5d,0.01208353042602539
diff_bullpen_velo_spread_roll5d,0.012078285217285156
away_bullpen_woba_value_mean_roll5d,0.012069225311279297
away_SP_estimated_slg_using_speedangle_mean_roll5,0.012066364288330078
diff_bullpen_clean_inning_start_rate_roll5d,0.012042999267578125
diff_bullpen_plate_x_std_roll5d,0.01203775405883789
home_SP_release_speed_std_roll5,0.012010574340820312
diff_bullpen_innings_coverage_roll5d,0.011997222900390625
home_SP_launch_angle_mean_roll5,0.011988639831542969
diff_SP_home_win_exp_std_roll5,0.011983394622802734
diff_batting_homeRuns_roll10,0.011960983276367188
diff_SP_movement_score_roll5,0.011950492858886719
home_SP_called_strike_rate_roll5,0.011943340301513672
diff_bullpen_hbp_roll5d,0.011919021606445312
away_SP_release_spin_rate_max_roll5,0.011906147003173828
diff_pitching_era_roll10,0.011867523193359375
home_SP_two_strike_whiff_rate_roll5,0.011858940124511719
diff_SP_api_break_x_arm_mean_roll5,0.011858463287353516
home_SP_velo_percentile_roll5,0.011855602264404297
diff_bullpen_command_score_roll5d,0.011832237243652344
diff_bullpen_pitches_per_out_roll5d,0.011823654174804688
away_bullpen_called_strike_rate_roll5d,0.011774539947509766
away_batting_doubles_roll10,0.011765480041503906
away_bullpen_blowout_loss_usage_roll5d,0.011754035949707031
home_SP_whip_roll5,0.011708259582519531
home_SP_delta_home_win_exp_std_roll5,0.011690139770507812
away_batting_runs_roll10,0.01168203353881836
home_SP_on_1b_lambda_roll5,0.011678218841552734
home_bullpen_launch_angle_mean_roll5d,0.011673450469970703
home_SP_release_spin_rate_min_roll5,0.011668205261230469
home_SP_whiff_rate_roll5,0.011666297912597656
away_bullpen_max_leverage_roll5d,0.011560916900634766
venue_Safeco Field,0.0115509033203125
diff_SP_inning_nunique_roll5,0.01151275634765625
away_bullpen_api_break_z_with_gravity_mean_roll5d,0.011503219604492188
diff_SP_estimated_woba_using_speedangle_max_roll5,0.011477947235107422
diff_SP_on_2b_lambda_roll5,0.011453628540039062
home_bullpen_release_pos_z_std_roll5d,0.011448860168457031
home_fielding_errors_roll10,0.011438369750976562
away_bullpen_hit_distance_sc_max_roll5d,0.011416912078857422
diff_SP_launch_speed_lambda_roll5,0.01141500473022461
home_bullpen_hbp_roll5d,0.0113983154296875
wind_dir_In From CF,0.011397838592529297
diff_bullpen_release_extension_std_roll5d,0.011378765106201172
diff_SP_release_consistency_score_roll5,0.011368751525878906
away_SP_release_spin_rate_std_roll5,0.011350631713867188
away_bullpen_release_pos_x_std_roll5d,0.011345863342285156
home_SP_home_win_exp_std_roll5,0.01132345199584961
diff_bullpen_clean_inning_rate_roll5d,0.01132345199584961
away_pitching_hits_roll10,0.011322975158691406
away_day_era,0.011312484741210938
expected_away_runs,0.011292457580566406
home_pitching_runs_roll10,0.01128530502319336
away_batting_homeRuns_roll10,0.011271953582763672
diff_SP_on_1b_lambda_roll5,0.011260986328125
away_SP_walks_roll5,0.011232376098632812
away_batting_ops_roll10,0.011210918426513672
home_SP_estimated_woba_using_speedangle_max_roll5,0.011208057403564453
home_SP_pitch_type_pitch_sequence_entropy_roll5,0.011200904846191406
diff_win_streak,0.011198997497558594
away_SP_babip_value_mean_roll5,0.01118612289428711
home_pitching_homeRuns_roll10,0.01118326187133789
away_SP_two_strike_whiff_rate_roll5,0.011181354522705078
wind_dir_In From RF,0.011178970336914062
diff_SP_pitcher_days_since_prev_game_first_roll5,0.011174201965332031
game_time_23:30,0.011148929595947266
diff_SP_hits_roll5,0.011119365692138672
venue_SunTrust Park,0.01110696792602539
diff_bullpen_on_3b_presence_rate_roll5d,0.011102676391601562
home_SP_strike_rate_roll5,0.011095523834228516
diff_SP_high_lev_velo_roll5,0.011092185974121094
home_bullpen_hr_rate_roll5d,0.011026382446289062
diff_bullpen_close_game_usage_roll5d,0.010987281799316406
diff_SP_walks_roll5,0.010968208312988281
diff_SP_hit_distance_sc_max_roll5,0.010940074920654297
diff_pitching_runs_roll10,0.010889053344726562
diff_bullpen_api_break_x_arm_mean_roll5d,0.010875225067138672
home_SP_release_spin_rate_std_roll5,0.010856151580810547
home_SP_api_break_x_arm_min_roll5,0.010805130004882812
venue_American Family Field,0.010782718658447266
game_time_19:07,0.010781288146972656
diff_home_avg_runs,0.010750293731689453
diff_bullpen_total_pitches_roll5d,0.010739803314208984
diff_bullpen_arm_angle_mean_roll5d,0.010728836059570312
diff_SP_high_lev_k_rate_roll5,0.010709762573242188
home_SP_attack_angle_mean_roll5,0.01070404052734375
venue_Busch Stadium,0.010700702667236328
diff_SP_woba_denom_sum_roll5,0.010695457458496094
home_SP_api_break_z_with_gravity_min_roll5,0.010663509368896484
home_bullpen_high_velo_pitchers_roll5d,0.010617256164550781
away_SP_home_score_diff_max_roll5,0.010614871978759766
home_bullpen_velo_spread_roll5d,0.0106048583984375
diff_SP_hr_rate_roll5,0.010562896728515625
diff_SP_release_extension_mean_roll5,0.010540008544921875
away_SP_api_break_x_arm_max_roll5,0.010510444641113281
venue_Wrigley Field,0.010509490966796875
home_SP_bb_rate_roll5,0.010488510131835938
home_SP_balls_in_play_roll5,0.010486125946044922
diff_away_avg_runs,0.010477542877197266
diff_SP_bat_speed_std_roll5,0.010373592376708984
diff_bullpen_strikeouts_roll5d,0.01036691665649414
away_pitching_era_roll10,0.010339736938476562
away_SP_vz0_mean_roll5,0.010335922241210938
diff_SP_release_pos_x_std_roll5,0.010334491729736328
game_time_18:25,0.010295391082763672
diff_SP_double_plays_roll5,0.010251998901367188
diff_SP_home_score_diff_max_roll5,0.010247230529785156
home_SP_pct_3_balls_roll5,0.01023721694946289
diff_SP_plate_x_mean_roll5,0.010189533233642578
diff_SP_n_thruorder_pitcher_max_roll5,0.01018524169921875
home_SP_pfx_x_std_roll5,0.01016855239868164
diff_SP_whiff_rate_roll5,0.010158538818359375
diff_SP_release_spin_rate_min_roll5,0.010140419006347656
home_bullpen_hit_distance_sc_max_roll5d,0.010117053985595703
away_bullpen_k_rate_roll5d,0.0101165771484375
home_bullpen_bb_rate_roll5d,0.010089397430419922
home_bullpen_role_specialization_roll5d,0.010056018829345703
game_time_17:10,0.010053157806396484
home_bullpen_estimated_woba_using_speedangle_mean_roll5d,0.010052680969238281
diff_SP_pct_1_outs_roll5,0.010049819946289062
away_bullpen_release_pos_z_std_roll5d,0.010045051574707031
away_SP_strike_rate_roll5,0.010028839111328125
home_SP_xERA_component_roll5,0.009968280792236328
away_SP_woba_denom_sum_roll5,0.009963512420654297
away_bullpen_woba_value_sum_roll5d,0.009887218475341797
away_bullpen_field_outs_roll5d,0.009886741638183594
venue_Target Field,0.009860038757324219
home_SP_pct_2_outs_roll5,0.009850502014160156
diff_bullpen_max_batters_reliever_roll5d,0.009849071502685547
away_SP_hr_rate_roll5,0.009833812713623047
home_batting_strikeOuts_roll10,0.009806156158447266
diff_bullpen_walks_roll5d,0.00980234146118164
home_bullpen_release_speed_std_roll5d,0.009786605834960938
away_bullpen_pfx_x_mean_roll5d,0.009765625
away_bullpen_inherited_runners_strand_rate_roll5d,0.009765148162841797
away_SP_gidp_roll5,0.009753227233886719
game_time_23:05,0.009737014770507812
away_SP_pct_0_outs_roll5,0.009728431701660156
home_SP_gidp_roll5,0.009708881378173828
game_time_22:10,0.009694099426269531
away_bullpen_hits_roll5d,0.009693622589111328
away_SP_pitch_types_count_roll5,0.00968170166015625
home_SP_vz0_mean_roll5,0.009676456451416016
away_SP_iso_value_mean_roll5,0.009658336639404297
home_bullpen_high_leverage_pct_roll5d,0.009648799896240234
diff_bullpen_avg_pitches_per_appearance_roll5d,0.009648799896240234
away_last_20_wins,0.0096435546875
away_bullpen_release_extension_std_roll5d,0.009618282318115234
away_SP_high_lev_k_rate_roll5,0.009593963623046875
diff_SP_pfx_x_min_roll5,0.00959157943725586
away_SP_hbp_roll5,0.009585857391357422
away_SP_pfx_x_max_roll5,0.009553909301757812
away_SP_first_pitch_strike_rate_roll5,0.009552955627441406
diff_SP_description_whiff_rate_roll5,0.009550094604492188
diff_SP_attack_angle_std_roll5,0.009550094604492188
away_SP_ax_mean_roll5,0.009524822235107422
home_bullpen_late_inning_rate_roll5d,0.00951528549194336
home_SP_api_break_x_batter_in_std_roll5,0.00943899154663086
diff_SP_release_pos_z_std_roll5,0.00941324234008789
diff_bullpen_spin_consistency_roll5d,0.009404659271240234
home_bullpen_arm_angle_mean_roll5d,0.009383678436279297
away_bullpen_velo_spread_roll5d,0.009357929229736328
diff_SP_balls_in_play_roll5,0.009329795837402344
home_SP_pct_hitters_counts_roll5,0.009328365325927734
away_SP_late_game_velo_drop_roll5,0.009321212768554688
away_SP_bb_rate_roll5,0.009318828582763672
home_SP_estimated_ba_using_speedangle_mean_roll5,0.009259700775146484
home_SP_plate_z_mean_roll5,0.009246826171875
away_bullpen_max_batters_reliever_roll5d,0.009237289428710938
away_bullpen_swinging_strike_rate_roll5d,0.009235858917236328
diff_SP_k_bb_ratio_roll5,0.009211540222167969
away_bullpen_whip_roll5d,0.009186744689941406
home_SP_force_outs_roll5,0.009170055389404297
game_time_19:35,0.009152889251708984
diff_bullpen_blowout_loss_usage_roll5d,0.009130477905273438
away_bullpen_late_inning_rate_roll5d,0.009126663208007812
away_bullpen_clean_inning_start_rate_roll5d,0.009115219116210938
home_SP_ball_rate_roll5,0.009085655212402344
diff_batting_strikeOuts_roll10,0.009080886840820312
home_SP_movement_score_roll5,0.009055137634277344
home_current_streak,0.00905466079711914
home_bullpen_high_leverage_specialist_rate_roll5d,0.009041309356689453
away_SP_pfx_z_min_roll5,0.008993148803710938
away_SP_pitcher_days_until_next_game_first_roll5,0.00898885726928711
diff_bullpen_whip_roll5d,0.008977890014648438
diff_SP_iso_value_mean_roll5,0.00894927978515625
away_SP_release_pos_x_mean_roll5,0.00892496109008789
diff_bullpen_avg_rest_days_roll5d,0.00890970230102539
diff_SP_delta_home_win_exp_sum_roll5,0.008900642395019531
game_time_23:35,0.008888721466064453
diff_SP_velo_percentile_roll5,0.008884906768798828
away_bullpen_api_break_z_with_gravity_std_roll5d,0.008880138397216797
home_SP_high_lev_k_rate_roll5,0.008866310119628906
home_bullpen_release_spin_rate_mean_roll5d,0.008855819702148438
conditions_Rain,0.00881052017211914
diff_bullpen_max_leverage_roll5d,0.008800506591796875
away_SP_pct_2_outs_roll5,0.00878286361694336
wind_dir_Out To LF,0.00876617431640625
home_bullpen_pitcher_nunique_roll5d,0.008756160736083984
away_SP_clean_inning_rate_roll5,0.008742332458496094
game_time_21:35,0.008700847625732422
wind_dir_R To L,0.008692741394042969
away_SP_pfx_z_std_roll5,0.008677005767822266
home_SP_k_rate_roll5,0.008663654327392578
away_SP_k_rate_roll5,0.008652210235595703
game_time_23:40,0.0086517333984375
home_SP_k_bb_ratio_roll5,0.008639335632324219
diff_bullpen_blowout_win_usage_roll5d,0.008634567260742188
away_fielding_errors_roll10,0.008620262145996094
home_SP_release_spin_rate_max_roll5,0.008617877960205078
game_time_20:15,0.008594036102294922
venue_Petco Park,0.00856781005859375
home_SP_on_2b_lambda_roll5,0.00855398178100586
diff_bullpen_called_strike_rate_roll5d,0.008550643920898438
diff_bullpen_release_pos_z_std_roll5d,0.008544445037841797
away_SP_high_lev_velo_roll5,0.00853729248046875
diff_SP_velocity_efficiency_roll5,0.008533954620361328
game_time_01:10,0.008531570434570312
diff_SP_pfx_x_max_roll5,0.008510112762451172
away_bullpen_on_2b_presence_rate_roll5d,0.008481979370117188
away_SP_home_runs_roll5,0.008473873138427734
game_time_23:15,0.008469104766845703
dayNight_night,0.008460044860839844
away_SP_woba_value_mean_roll5,0.008450508117675781
away_SP_delta_home_win_exp_mean_roll5,0.008444786071777344
game_time_21:10,0.008357524871826172
away_pitching_strikeOuts_roll10,0.008349418640136719
diff_SP_api_break_z_with_gravity_mean_roll5,0.008344173431396484
away_bullpen_on_1b_presence_rate_roll5d,0.008320331573486328
away_bullpen_api_break_x_arm_mean_roll5d,0.008298873901367188
diff_SP_pfx_z_max_roll5,0.00829172134399414
home_batting_obp_roll10,0.008271217346191406
diff_SP_az_mean_roll5,0.008251190185546875
diff_bullpen_corner_rate_roll5d,0.008192062377929688
home_batting_runs_roll10,0.00818634033203125
away_SP_launch_speed_std_roll5,0.008182525634765625
diff_bullpen_pfx_x_mean_roll5d,0.008133888244628906
away_SP_arm_angle_std_roll5,0.008121490478515625
home_bullpen_field_outs_roll5d,0.008110523223876953
game_time_23:08,0.008083820343017578
away_SP_chase_rate_induced_roll5,0.008063793182373047
away_SP_estimated_ba_using_speedangle_mean_roll5,0.008044242858886719
diff_SP_home_score_diff_min_roll5,0.00802755355834961
home_pitching_era_roll10,0.007998943328857422
home_bullpen_avg_pitches_per_appearance_roll5d,0.007997989654541016
venue_T-Mobile Park,0.00799560546875
away_SP_pct_1_outs_roll5,0.007985115051269531
home_SP_pfx_z_mean_roll5,0.0079803466796875
home_bullpen_corner_rate_roll5d,0.00797891616821289
away_bullpen_back_to_back_appearances_roll5d,0.007977962493896484
home_SP_plate_x_mean_roll5,0.007965087890625
away_SP_release_extension_mean_roll5,0.007911205291748047
home_SP_az_mean_roll5,0.00788736343383789
home_SP_pfx_z_max_roll5,0.007862091064453125
away_SP_launch_angle_mean_roll5,0.007821083068847656
diff_bullpen_release_speed_min_roll5d,0.007800102233886719
diff_bullpen_api_break_x_arm_std_roll5d,0.007792472839355469
away_SP_movement_score_roll5,0.007782936096191406
away_bullpen_launch_angle_std_roll5d,0.007758617401123047
home_bullpen_pfx_z_mean_roll5d,0.007748603820800781
away_bullpen_mid_inning_entry_rate_roll5d,0.0077381134033203125
away_SP_whiff_rate_roll5,0.007731437683105469
venue_Sahlen Field,0.007712841033935547
game_time_20:40,0.007703304290771484
game_time_20:10,0.007698535919189453
game_time_02:07,0.007693767547607422
diff_SP_pct_hitters_counts_roll5,0.007683277130126953
wind_dir_Calm,0.007677555084228516
away_current_streak,0.007659435272216797
diff_SP_plate_x_std_roll5,0.007633686065673828
diff_bullpen_pfx_x_std_roll5d,0.007628440856933594
away_SP_hit_distance_sc_lambda_roll5,0.007626533508300781
away_bullpen_plate_x_std_roll5d,0.007620334625244141
home_SP_delta_run_exp_sum_roll5,0.0076007843017578125
diff_SP_api_break_x_batter_in_mean_roll5,0.007578372955322266
away_night_avg_runs,0.007571220397949219
game_hour,0.007552146911621094
away_SP_api_break_x_arm_min_roll5,0.007529735565185547
diff_SP_spin_axis_mean_roll5,0.007518768310546875
venue_Great American Ball Park,0.00750732421875
home_bullpen_release_speed_min_roll5d,0.00750732421875
home_SP_arm_angle_mean_roll5,0.00749969482421875
diff_batting_runs_roll10,0.007476329803466797
away_SP_release_extension_std_roll5,0.007457733154296875
diff_bullpen_estimated_woba_using_speedangle_mean_roll5d,0.007455348968505859
diff_SP_gidp_roll5,0.007416248321533203
diff_SP_api_break_x_arm_min_roll5,0.007409095764160156
home_bullpen_k_rate_roll5d,0.007395744323730469
diff_batting_ops_roll10,0.007354736328125
home_bullpen_on_1b_presence_rate_roll5d,0.007334709167480469
venue_TD Ballpark,0.007328987121582031
diff_SP_arm_angle_std_roll5,0.007310390472412109
diff_SP_attack_angle_mean_roll5,0.007306098937988281
home_SP_api_break_x_arm_max_roll5,0.007294654846191406
away_SP_delta_run_exp_sum_roll5,0.007249355316162109
diff_SP_force_outs_roll5,0.007243156433105469
home_bullpen_release_extension_std_roll5d,0.007228851318359375
away_bullpen_innings_coverage_roll5d,0.007216930389404297
away_pitching_homeRuns_roll10,0.00720977783203125
away_bullpen_bullpen_stress_index_roll5d,0.007201194763183594
diff_SP_bat_speed_mean_roll5,0.007189273834228516
diff_bullpen_ball_rate_roll5d,0.007181644439697266
home_SP_delta_home_win_exp_sum_roll5,0.0071735382080078125
home_bullpen_max_leverage_roll5d,0.007142543792724609
away_SP_blocked_ball_rate_roll5,0.007132530212402344
away_SP_balls_in_play_roll5,0.007117748260498047
away_SP_estimated_woba_using_speedangle_max_roll5,0.0071125030517578125
game_time_22:37,0.007103443145751953
away_SP_ball_rate_roll5,0.007097721099853516
diff_bullpen_high_velo_pitchers_roll5d,0.0070667266845703125
home_bullpen_api_break_z_with_gravity_std_roll5d,0.007063388824462891
diff_bullpen_pitcher_nunique_roll5d,0.007056713104248047
away_bullpen_multi_inning_appearances_roll5d,0.007056236267089844
home_bullpen_early_usage_rate_roll5d,0.007055759429931641
home_bullpen_pfx_z_std_roll5d,0.007016181945800781
diff_bullpen_api_break_z_with_gravity_mean_roll5d,0.006964683532714844
game_time_17:35,0.006920814514160156
game_time_19:20,0.006920814514160156
home_bullpen_blowout_loss_usage_roll5d,0.006919384002685547
home_SP_babip_value_mean_roll5,0.006918907165527344
home_SP_home_score_diff_max_roll5,0.006906986236572266
diff_SP_release_extension_std_roll5,0.00689697265625
diff_SP_chase_rate_induced_roll5,0.006883144378662109
home_bullpen_api_break_z_with_gravity_mean_roll5d,0.006810188293457031
away_SP_double_plays_roll5,0.006803989410400391
home_bullpen_plate_z_std_roll5d,0.006801128387451172
home_bullpen_chase_rate_induced_roll5d,0.00679779052734375
home_bullpen_on_3b_presence_rate_roll5d,0.006775379180908203
away_bullpen_high_leverage_pct_roll5d,0.006771087646484375
home_bullpen_max_batters_reliever_roll5d,0.006754875183105469
away_SP_spin_axis_mean_roll5,0.006720542907714844
away_SP_pitch_number_max_roll5,0.006713390350341797
diff_SP_two_strike_whiff_rate_roll5,0.006712913513183594
away_bullpen_high_leverage_specialist_rate_roll5d,0.006701469421386719
diff_pitching_homeRuns_roll10,0.0066986083984375
diff_SP_ay_mean_roll5,0.006672859191894531
away_bullpen_plate_z_std_roll5d,0.006658077239990234
game_time_23:10,0.006653785705566406
away_SP_plate_x_std_roll5,0.006626605987548828
diff_batting_doubles_roll10,0.006609439849853516
away_SP_bat_speed_mean_roll5,0.006604194641113281
diff_SP_ax_mean_roll5,0.006554126739501953
game_time_20:12,0.006542205810546875
game_time_00:05,0.006539821624755859
diff_SP_zone_rate_roll5,0.006533622741699219
game_time_00:10,0.006519317626953125
game_time_01:42,0.0065059661865234375
diff_bullpen_release_speed_max_roll5d,0.006501674652099609
home_bullpen_close_game_usage_roll5d,0.006498813629150391
away_bullpen_hbp_roll5d,0.006411075592041016
home_SP_home_score_diff_mean_roll5,0.006405830383300781
away_bullpen_release_speed_std_roll5d,0.006396293640136719
away_SP_plate_z_mean_roll5,0.006394386291503906
home_bullpen_inherited_runners_strand_rate_roll5d,0.006382942199707031
home_bullpen_plate_x_std_roll5d,0.006382465362548828
diff_bullpen_release_pos_x_std_roll5d,0.006369590759277344
away_SP_plate_z_std_roll5,0.006357669830322266
diff_bullpen_bullpen_stress_index_roll5d,0.0063571929931640625
away_bullpen_chase_rate_induced_roll5d,0.006337642669677734
diff_SP_release_spin_rate_max_roll5,0.006307125091552734
home_bullpen_back_to_back_appearances_roll5d,0.006274223327636719
home_SP_pct_0_balls_roll5,0.006258964538574219
away_bullpen_high_velo_std_roll5d,0.006257057189941406
venue_Rate Field,0.006220817565917969
diff_bullpen_inherited_runners_strand_rate_roll5d,0.0061969757080078125
diff_SP_delta_run_exp_sum_roll5,0.006134986877441406
home_SP_delta_home_win_exp_mean_roll5,0.006130218505859375
home_away_avg_runs,0.006124019622802734
away_win_streak,0.0061206817626953125
diff_night_ops,0.006103992462158203
diff_SP_pitch_number_max_roll5,0.0060977935791015625
away_SP_strikeouts_roll5,0.006094455718994141
diff_SP_babip_value_mean_roll5,0.006072521209716797
diff_SP_api_break_x_batter_in_std_roll5,0.006054878234863281
diff_SP_vz0_mean_roll5,0.0060214996337890625
home_batting_hits_roll10,0.006007671356201172
diff_night_avg_runs,0.005996227264404297
home_SP_pfx_z_min_roll5,0.005961894989013672
away_bullpen_arm_angle_std_roll5d,0.005945682525634766
diff_SP_pct_0_outs_roll5,0.005936622619628906
diff_bullpen_swinging_strike_rate_roll5d,0.005930423736572266
away_bullpen_command_score_roll5d,0.005923748016357422
home_bullpen_strike_rate_roll5d,0.005909442901611328
venue_Nationals Park,0.005885601043701172
home_bullpen_avg_rest_days_roll5d,0.005867958068847656
diff_SP_clean_inning_rate_roll5,0.005852222442626953
away_SP_pfx_z_max_roll5,0.005796909332275391
away_bullpen_bullpen_depth_score_roll5d,0.005762577056884766
away_bullpen_api_break_x_arm_std_roll5d,0.005759716033935547
away_bullpen_corner_rate_roll5d,0.005745887756347656
game_time_19:05,0.005734920501708984
home_last_10_wins,0.005717277526855469
wind_dir_In From LF,0.005715847015380859
diff_bullpen_late_inning_rate_roll5d,0.005711555480957031
game_time_22:05,0.005673885345458984
diff_bullpen_strike_rate_roll5d,0.005658149719238281
diff_last_10_wins,0.005631923675537109
away_SP_arm_angle_mean_roll5,0.005597591400146484
diff_batting_triples_roll10,0.005588054656982422
diff_SP_api_break_x_arm_max_roll5,0.005583286285400391
diff_bullpen_effective_speed_max_roll5d,0.005555629730224609
diff_batting_avg_roll10,0.00555419921875
diff_SP_release_pos_y_mean_roll5,0.005500316619873047
home_bullpen_pitch_type_nunique_roll5d,0.005490779876708984
diff_SP_vy0_mean_roll5,0.005472660064697266
away_SP_whip_roll5,0.005405902862548828
home_SP_pct_0_outs_roll5,0.005400180816650391
diff_bullpen_hits_roll5d,0.005397319793701172
away_bullpen_pitcher_days_since_prev_game_min_roll5d,0.005387306213378906
away_SP_swinging_strike_rate_roll5,0.005363941192626953
home_bullpen_api_break_x_arm_std_roll5d,0.005363941192626953
diff_SP_bb_rate_roll5,0.005359649658203125
away_last_5_wins,0.005350589752197266
away_bullpen_avg_pitches_per_reliever_roll5d,0.005327701568603516
home_bullpen_at_bat_number_nunique_roll5d,0.005276203155517578
venue_Angel Stadium,0.005220890045166016
away_bullpen_arm_angle_mean_roll5d,0.0052204132080078125
diff_bullpen_release_spin_rate_max_roll5d,0.005177974700927734
diff_bullpen_zone_rate_roll5d,0.005172252655029297
home_SP_bat_speed_mean_roll5,0.0051670074462890625
home_SP_home_runs_roll5,0.005158424377441406
diff_bullpen_multi_inning_appearances_roll5d,0.005154132843017578
home_bullpen_clean_inning_rate_roll5d,0.005149364471435547
away_bullpen_release_spin_rate_std_roll5d,0.0051403045654296875
diff_SP_pfx_z_min_roll5,0.0051116943359375
game_time_22:35,0.0050716400146484375
home_bullpen_clean_inning_start_rate_roll5d,0.0050678253173828125
diff_bullpen_on_1b_presence_rate_roll5d,0.004996776580810547
diff_bullpen_home_runs_roll5d,0.004984378814697266
game_time_16:20,0.004973888397216797
home_bullpen_high_leverage_whiff_rate_roll5d,0.004973411560058594
diff_SP_field_outs_roll5,0.004859447479248047
home_SP_high_lev_velo_roll5,0.004851341247558594
venue_Muncy Bank Ballpark,0.004845619201660156
diff_bullpen_high_leverage_specialist_rate_roll5d,0.004843235015869141
diff_bullpen_woba_value_sum_roll5d,0.0048236846923828125
away_bullpen_pfx_z_std_roll5d,0.004822731018066406
game_time_17:37,0.004822254180908203
home_SP_ay_mean_roll5,0.004810810089111328
game_time_00:40,0.004801750183105469
game_time_16:35,0.004762172698974609
home_SP_clean_inning_rate_roll5,0.0047512054443359375
game_time_17:40,0.004738807678222656
game_time_21:15,0.004721164703369141
home_SP_first_pitch_strike_rate_roll5,0.004718303680419922
diff_bullpen_pitcher_days_since_prev_game_min_roll5d,0.004704952239990234
home_SP_inning_nunique_roll5,0.004704952239990234
wind_dir_L To R,0.004667758941650391
home_SP_woba_value_sum_roll5,0.0046329498291015625
diff_SP_called_strike_rate_roll5,0.004608154296875
home_bullpen_innings_coverage_roll5d,0.004601955413818359
venue_Oracle Park,0.0045719146728515625
away_SP_out_of_zone_rate_roll5,0.004555702209472656
away_bullpen_bb_rate_roll5d,0.004538536071777344
home_SP_command_score_roll5,0.0045261383056640625
wind_dir_None,0.004513263702392578
game_time_21:20,0.004505157470703125
home_SP_spin_axis_std_roll5,0.004455089569091797
home_SP_hr_rate_roll5,0.004450798034667969
home_bullpen_pitcher_days_since_prev_game_min_roll5d,0.0044498443603515625
away_SP_force_outs_roll5,0.0044403076171875
home_SP_pfx_x_min_roll5,0.004399776458740234
home_SP_chase_rate_induced_roll5,0.004390239715576172
venue_Oriole Park at Camden Yards,0.004363536834716797
away_bullpen_close_game_usage_roll5d,0.004337310791015625
diff_bullpen_launch_angle_std_roll5d,0.004329204559326172
game_time_18:35,0.004317283630371094
diff_pitching_hits_roll10,0.004314899444580078
diff_SP_out_of_zone_rate_roll5,0.0042896270751953125
game_time_16:40,0.0042819976806640625
away_SP_release_pos_z_std_roll5,0.004262447357177734
diff_bullpen_high_leverage_bb_rate_roll5d,0.004257678985595703
diff_bullpen_high_velo_std_roll5d,0.004256248474121094
home_SP_release_consistency_score_roll5,0.004211902618408203
game_time_01:05,0.004141807556152344
home_SP_pitcher_days_since_prev_game_first_roll5,0.004118442535400391
diff_bullpen_arm_angle_std_roll5d,0.004117012023925781
home_SP_spin_axis_mean_roll5,0.004105091094970703
game_time_00:35,0.004097461700439453
away_SP_hit_distance_sc_mean_roll5,0.004070758819580078
home_SP_home_win_exp_mean_roll5,0.004043102264404297
diff_bullpen_pfx_z_std_roll5d,0.00403594970703125
away_SP_estimated_ba_using_speedangle_max_roll5,0.003997325897216797
away_batting_obp_roll10,0.003988742828369141
game_time_17:07,0.003979682922363281
away_SP_field_outs_roll5,0.0039691925048828125
diff_SP_release_point_consistency_roll5,0.003871917724609375
diff_bullpen_hit_distance_sc_mean_roll5d,0.0038433074951171875
away_SP_delta_home_win_exp_sum_roll5,0.00380706787109375
diff_bullpen_release_spin_rate_std_roll5d,0.0037927627563476562
diff_day_avg_runs,0.0037660598754882812
diff_SP_first_pitch_strike_rate_roll5,0.0037479400634765625
away_SP_release_spin_rate_min_roll5,0.0037240982055664062
home_bullpen_hit_distance_sc_mean_roll5d,0.0037059783935546875
away_SP_api_break_x_batter_in_max_roll5,0.0036940574645996094
diff_bullpen_chase_rate_induced_roll5d,0.0036826133728027344
game_time_19:10,0.0036559104919433594
total_line,0.0036420822143554688
diff_last_5_wins,0.003627300262451172
home_SP_release_extension_mean_roll5,0.0035986900329589844
home_SP_launch_angle_std_roll5,0.0035948753356933594
game_time_23:45,0.0035042762756347656
diff_bullpen_hard_contact_rate_roll5d,0.0034508705139160156
game_time_18:05,0.0033864974975585938
away_bullpen_release_extension_mean_roll5d,0.0033512115478515625
home_bullpen_pfx_x_mean_roll5d,0.0033330917358398438
diff_bullpen_pitch_type_nunique_roll5d,0.003284454345703125
venue_PNC Park,0.0032095909118652344
diff_SP_woba_value_mean_roll5,0.0031609535217285156
away_bullpen_high_velo_mean_roll5d,0.0030355453491210938
venue_Angel Stadium of Anaheim,0.003021240234375
home_bullpen_walks_roll5d,0.0030202865600585938
diff_bullpen_release_speed_mean_roll5d,0.003005504608154297
game_time_08:33,0.0029816627502441406
away_SP_command_score_roll5,0.0029754638671875
home_SP_pct_1_outs_roll5,0.002899646759033203
away_bullpen_pitcher_nunique_roll5d,0.0028476715087890625
game_time_16:15,0.0028295516967773438
diff_SP_swinging_strike_rate_roll5,0.0028290748596191406
home_SP_launch_speed_std_roll5,0.002808094024658203
away_loss_streak,0.0027985572814941406
home_bullpen_estimated_woba_using_speedangle_max_roll5d,0.002789020538330078
away_SP_api_break_x_arm_mean_roll5,0.0027494430541992188
home_bullpen_zone_rate_roll5d,0.0027327537536621094
home_SP_release_spin_rate_mean_roll5,0.00270843505859375
away_SP_pct_0_balls_roll5,0.002639293670654297
away_SP_delta_home_win_exp_std_roll5,0.0025911331176757812
away_bullpen_high_leverage_bb_rate_roll5d,0.0025796890258789062
game_time_18:15,0.002575397491455078
diff_bullpen_pfx_z_mean_roll5d,0.0025620460510253906
diff_current_streak,0.0025529861450195312
home_SP_woba_value_mean_roll5,0.0025396347045898438
home_bullpen_balls_in_play_roll5d,0.0025353431701660156
away_SP_az_mean_roll5,0.0025320053100585938
away_bullpen_hr_rate_roll5d,0.0024209022521972656
game_time_20:07,0.0023899078369140625
home_SP_pitch_types_count_roll5,0.0023813247680664062
game_time_19:00,0.0023784637451171875
home_SP_plate_z_std_roll5,0.0023779869079589844
away_bullpen_pitches_per_out_roll5d,0.0023326873779296875
home_bullpen_release_spin_rate_std_roll5d,0.0022830963134765625
home_bullpen_high_velo_std_roll5d,0.002246856689453125
game_time_22:50,0.002242565155029297
game_time_16:05,0.0022325515747070312
away_SP_release_pos_x_std_roll5,0.002200603485107422
home_SP_release_pos_z_mean_roll5,0.0021848678588867188
diff_SP_swing_length_std_roll5,0.0021066665649414062
game_time_22:30,0.0020599365234375
home_day_ops,0.0019941329956054688
game_time_16:10,0.0019807815551757812
away_bullpen_on_3b_presence_rate_roll5d,0.001968860626220703
diff_bullpen_max_pitches_reliever_roll5d,0.0019469261169433594
home_last_20_wins,0.0019001960754394531
game_time_17:15,0.0018939971923828125
diff_bullpen_avg_pitches_per_reliever_roll5d,0.0018849372863769531
away_SP_release_spin_rate_mean_roll5,0.0018754005432128906
home_SP_zone_rate_roll5,0.0018205642700195312
diff_SP_strikeouts_roll5,0.0017142295837402344
diff_SP_woba_value_sum_roll5,0.0016794204711914062
diff_bullpen_api_break_z_with_gravity_std_roll5d,0.0016198158264160156
diff_SP_pitch_type_pitch_sequence_entropy_roll5,0.0015234947204589844
conditions_Roof Closed,0.0014843940734863281
home_SP_api_break_x_batter_in_max_roll5,0.0014748573303222656
home_bullpen_release_extension_mean_roll5d,0.0014586448669433594
game_time_18:01,0.001438140869140625
away_bullpen_launch_angle_mean_roll5d,0.0014362335205078125
diff_SP_pitch_number_mean_roll5,0.0014357566833496094
away_SP_pct_hitters_counts_roll5,0.001399993896484375
home_bullpen_high_leverage_bb_rate_roll5d,0.0013904571533203125
home_bullpen_release_spin_rate_max_roll5d,0.0013523101806640625
game_time_19:37,0.0013365745544433594
conditions_Drizzle,0.001323699951171875
diff_bullpen_release_spin_rate_mean_roll5d,0.0012841224670410156
away_SP_spin_axis_std_roll5,0.0012774467468261719
diff_bullpen_hr_rate_roll5d,0.0012183189392089844
diff_loss_streak,0.0011987686157226562
game_time_01:07,0.0010890960693359375
home_SP_strikeouts_roll5,0.0010828971862792969
diff_bullpen_hit_distance_sc_max_roll5d,0.0010538101196289062
venue_Fenway Park,0.0010480880737304688
diff_SP_release_speed_std_roll5,0.0010170936584472656
home_bullpen_strikeouts_roll5d,0.0010013580322265625
home_SP_api_break_x_arm_mean_roll5,0.0008921623229980469
expected_home_runs,0.000888824462890625
game_time_01:35,0.0008378028869628906
game_time_17:20,0.0008325576782226562
diff_SP_launch_angle_mean_roll5,0.0007915496826171875
diff_SP_api_break_z_with_gravity_max_roll5,0.000759124755859375
venue_Estadio de Beisbol Monterrey,0.0007185935974121094
away_SP_pct_0_strikes_roll5,0.0006270408630371094
away_SP_pfx_z_mean_roll5,0.0006079673767089844
home_bullpen_effective_speed_mean_roll5d,0.0005040168762207031
conditions_Snow,0.0004892349243164062
away_SP_ay_mean_roll5,0.00047016143798828125
game_time_15:05,0.0003943443298339844
diff_bullpen_early_usage_rate_roll5d,0.0003733634948730469
game_time_22:45,0.0002989768981933594
game_time_21:14,0.00014829635620117188
game_time_23:12,0.00014066696166992188
game_time_00:08,0.00011539459228515625
home_SP_swinging_strike_rate_roll5,8.058547973632812e-05
home_bullpen_woba_value_sum_roll5d,4.673004150390625e-05
away_bullpen_pitch_type_nunique_roll5d,4.3392181396484375e-05
diff_bullpen_pct_ch_roll5d,0.0
diff_SP_pitch_count_stress_roll5,0.0
diff_bullpen_pct_sl_roll5d,0.0
diff_SP_pitches_per_batter_roll5,0.0
diff_SP_pct_ch_roll5,0.0
home_SP_pitch_count_roll5,0.0
home_SP_pct_sc_roll5,0.0
diff_SP_two_strike_pct_kn_roll5,0.0
diff_SP_pitches_per_inning_roll5,0.0
diff_SP_two_strike_pct_cu_roll5,0.0
diff_SP_pct_kn_roll5,0.0
diff_SP_pct_line_drive_roll5,0.0
home_SP_two_strike_pct_ch_roll5,0.0
home_SP_pct_fly_ball_roll5,0.0
home_SP_pct_ep_roll5,0.0
diff_SP_pct_sl_roll5,0.0
diff_SP_two_strike_pct_sl_roll5,0.0
diff_SP_pct_po_roll5,0.0
diff_SP_pct_in_roll5,0.0
diff_SP_quality_start_roll5,0.0
home_SP_pct_ff_roll5,0.0
home_SP_pct_fa_roll5,0.0
diff_bullpen_pct_si_roll5d,0.0
diff_bullpen_pct_cu_roll5d,0.0
diff_SP_two_strike_pct_kc_roll5,0.0
diff_bullpen_pct_fc_roll5d,0.0
diff_SP_pct_kc_roll5,0.0
diff_bullpen_0_roll5d,0.0
home_SP_two_strike_pct_ff_roll5,0.0
home_SP_two_strike_pct_si_roll5,0.0
home_SP_pitch_count_stress_roll5,0.0
diff_bullpen_pct_fs_roll5d,0.0
home_SP_pct_cu_roll5,0.0
home_SP_pct_ground_ball_roll5,0.0
diff_SP_two_strike_pct_si_roll5,0.0
diff_SP_two_strike_pct_ff_roll5,0.0
home_SP_pct_si_roll5,0.0
home_SP_two_strike_pct_fs_roll5,0.0
home_SP_pct_fs_roll5,0.0
home_SP_pct_ab_roll5,0.0
home_SP_pct_ft_roll5,0.0
game_time_19:55,0.0
away_SP_pct_cs_roll5,0.0
away_SP_two_strike_pct_fc_roll5,0.0
diff_SP_pct_fc_roll5,0.0
diff_SP_two_strike_pct_fc_roll5,0.0
diff_SP_pct_cs_roll5,0.0
game_time_19:42,0.0
away_SP_two_strike_pct_si_roll5,0.0
away_SP_pct_kn_roll5,0.0
away_SP_pitches_per_inning_roll5,0.0
away_SP_two_strike_pct_kc_roll5,0.0
away_SP_pct_in_roll5,0.0
home_bullpen_pct_si_roll5d,0.0
home_bullpen_pct_cu_roll5d,0.0
away_SP_pct_ch_roll5,0.0
away_SP_two_strike_pct_cu_roll5,0.0
game_time_nan,0.0
game_time_23:14,0.0
game_time_22:59,0.0
diff_SP_pct_sc_roll5,0.0
diff_SP_pitch_count_roll5,0.0
diff_SP_pct_si_roll5,0.0
diff_SP_pct_fly_ball_roll5,0.0
diff_SP_pct_ep_roll5,0.0
diff_SP_pct_ft_roll5,0.0
diff_SP_pct_ground_ball_roll5,0.0
home_SP_pct_fc_roll5,0.0
away_bullpen_pct_sl_roll5d,0.0
home_SP_two_strike_pct_fc_roll5,0.0
home_SP_pct_cs_roll5,0.0
home_SP_pct_kn_roll5,0.0
diff_SP_pct_ff_roll5,0.0
diff_SP_pct_cu_roll5,0.0
home_SP_pitches_per_batter_roll5,0.0
home_SP_pct_ch_roll5,0.0
home_SP_two_strike_pct_sl_roll5,0.0
home_SP_quality_start_roll5,0.0
home_SP_pct_line_drive_roll5,0.0
home_SP_two_strike_pct_kn_roll5,0.0
diff_SP_pct_fa_roll5,0.0
venue_Estadio Alfredo Harp Helu,0.0
diff_bullpen_pct_ff_roll5d,0.0
venue_Field of Dreams,0.0
diff_SP_pct_popup_roll5,0.0
diff_SP_gb_rate_roll5,0.0
home_SP_pct_popup_roll5,0.0
home_SP_gb_rate_roll5,0.0
away_bullpen_pct_si_roll5d,0.0
venue_London Stadium,0.0
venue_Hiram Bithorn Stadium,0.0
venue_Journey Bank Ballpark,0.0
game_time_01:15,0.0
diff_SP_two_strike_pct_fs_roll5,0.0
home_SP_pct_po_roll5,0.0
home_SP_pct_sl_roll5,0.0
home_SP_two_strike_pct_cu_roll5,0.0
away_SP_two_strike_pct_ch_roll5,0.0
home_SP_two_strike_pct_kc_roll5,0.0
home_bullpen_pct_fc_roll5d,0.0
conditions_Unknown,0.0
conditions_nan,0.0
game_time_00:07,0.0
wind_dir_nan,0.0
game_time_19:12,0.0
game_time_01:00,0.0
game_time_00:37,0.0
game_time_00:38,0.0
away_bullpen_pct_fc_roll5d,0.0
away_bullpen_0_roll5d,0.0
away_bullpen_pct_ch_roll5d,0.0
away_bullpen_pct_ff_roll5d,0.0
home_SP_pct_kc_roll5,0.0
home_SP_pct_in_roll5,0.0
away_bullpen_pct_fs_roll5d,0.0
home_bullpen_pct_sl_roll5d,0.0
home_SP_pitches_per_inning_roll5,0.0
venue_Tokyo Dome,0.0
venue_Rickwood Field,0.0
venue_TD Ameritrade Park,0.0
dayNight_nan,0.0
venue_nan,0.0
away_bullpen_pct_cu_roll5d,0.0
diff_SP_pct_ab_roll5,0.0
game_time_15:10,0.0
diff_SP_two_strike_pct_ch_roll5,0.0
diff_SP_pct_fs_roll5,0.0
away_SP_pct_sc_roll5,0.0
away_SP_pitch_count_roll5,0.0
away_SP_pct_fa_roll5,0.0
away_SP_pct_popup_roll5,0.0
away_SP_gb_rate_roll5,0.0
away_SP_pitch_count_stress_roll5,0.0
away_SP_pct_cu_roll5,0.0
away_SP_pct_sl_roll5,0.0
away_SP_pct_ff_roll5,0.0
game_time_17:46,0.0
game_time_18:40,0.0
game_time_18:30,0.0
game_time_18:07,0.0
away_SP_two_strike_pct_fs_roll5,0.0
game_time_01:29,0.0
home_bullpen_pct_ch_roll5d,0.0
away_SP_pct_ab_roll5,0.0
away_SP_pct_ep_roll5,0.0
away_SP_pct_fs_roll5,0.0
away_SP_pct_ground_ball_roll5,0.0
away_SP_pct_ft_roll5,0.0
away_SP_pct_po_roll5,0.0
game_time_01:49,0.0
game_time_07:33,0.0
game_time_09:35,0.0
home_bullpen_0_roll5d,0.0
game_time_02:09,0.0
game_time_10:10,0.0
game_time_14:10,0.0
game_time_17:25,0.0
game_time_17:45,0.0
game_time_17:38,0.0
game_time_17:30,0.0
away_SP_pct_kc_roll5,0.0
away_SP_pct_fly_ball_roll5,0.0
away_SP_pct_si_roll5,0.0
game_time_17:12,0.0
away_SP_pitches_per_batter_roll5,0.0
game_time_23:00,0.0
game_time_22:20,0.0
game_time_22:15,0.0
game_time_16:37,0.0
game_time_16:45,0.0
game_time_16:07,0.0
game_time_17:00,0.0
game_time_20:09,0.0
game_time_20:30,0.0
game_time_23:09,0.0
game_time_22:07,0.0
game_time_21:45,0.0
game_time_22:00,0.0
game_time_20:00,0.0
home_bullpen_pct_ff_roll5d,0.0
home_bullpen_pct_fs_roll5d,0.0
game_time_21:40,0.0
away_SP_two_strike_pct_ff_roll5,0.0
away_SP_two_strike_pct_sl_roll5,0.0
away_SP_quality_start_roll5,0.0
away_SP_pct_fc_roll5,0.0
away_SP_two_strike_pct_kn_roll5,0.0
away_SP_pct_line_drive_roll5,0.0
game_time_23:37,-7.82012939453125e-05
away_bullpen_balls_in_play_roll5d,-9.965896606445312e-05
away_bullpen_zone_rate_roll5d,-0.00013685226440429688
away_away_avg_runs,-0.00015211105346679688
diff_bullpen_on_2b_presence_rate_roll5d,-0.0002636909484863281
away_SP_zone_rate_roll5,-0.0002689361572265625
game_time_21:05,-0.0007529258728027344
game_time_20:20,-0.0007929801940917969
away_bullpen_high_leverage_whiff_rate_roll5d,-0.0009908676147460938
diff_bullpen_avg_batters_per_reliever_roll5d,-0.0010075569152832031
venue_Sutter Health Park,-0.0011296272277832031
home_SP_velocity_band_usage_roll5,-0.0013227462768554688
home_bullpen_bullpen_depth_score_roll5d,-0.0013341903686523438
home_bullpen_ball_rate_roll5d,-0.0014557838439941406
game_time_01:37,-0.0016770362854003906
venue_BB&T Ballpark,-0.0018286705017089844
diff_batting_hits_roll10,-0.0018358230590820312
game_time_02:08,-0.0020737648010253906
venue_Gocheok Sky Dome,-0.0023050308227539062
game_time_15:35,-0.0027108192443847656
away_bullpen_pfx_x_std_roll5d,-0.0029630661010742188
away_bullpen_avg_pitches_per_appearance_roll5d,-0.0034246444702148438
game_time_21:30,-0.004416465759277344
game_time_19:15,-0.004762172698974609
home_SP_estimated_ba_using_speedangle_max_roll5,-0.006175518035888672
home_bullpen_bullpen_stress_index_roll5d,-0.006294727325439453
game_time_20:45,-0.0067424774169921875
game_time_20:35,-0.006981372833251953
home_bullpen_pfx_x_std_roll5d,-0.009243488311767578
home_bullpen_max_pitches_reliever_roll5d,-0.012128829956054688
